recording_id,region,title,duration_seconds,speech_style,source_conversation,accent_label,audio_path,licence,source_url
ami-es2002-finance,Unclassified,Pricing and international markets,162,spontaneous human discussion in a design-team role-play,ES2002a,,app/web_assessment_react/public/assessment-audio/conversations/ami-es2002-finance.mp3,CC BY 4.0,https://groups.inf.ed.ac.uk/ami/corpus/
ami-es2002-positioning,Unclassified,Product positioning and combined functions,225,spontaneous human discussion in a design-team role-play,ES2002a,,app/web_assessment_react/public/assessment-audio/conversations/ami-es2002-positioning.mp3,CC BY 4.0,https://groups.inf.ed.ac.uk/ami/corpus/
ami-es2004-price,UK,Pricing trade-offs and target customers,108,spontaneous human discussion in a design-team role-play,ES2004a,UK-led international discussion · mixed accents,app/web_assessment_react/public/assessment-audio/conversations/ami-es2004-price.mp3,CC BY 4.0,https://groups.inf.ed.ac.uk/ami/corpus/
ami-es2004-usability,UK,Making a remote easier to use,189,spontaneous human discussion in a design-team role-play,ES2004a,UK-led international discussion · mixed accents,app/web_assessment_react/public/assessment-audio/conversations/ami-es2004-usability.mp3,CC BY 4.0,https://groups.inf.ed.ac.uk/ami/corpus/
ami-is1009-features,Unclassified,Gathering user needs and assessing features,122,spontaneous human discussion in a design-team role-play,IS1009a,,app/web_assessment_react/public/assessment-audio/conversations/ami-is1009-features.mp3,CC BY 4.0,https://groups.inf.ed.ac.uk/ami/corpus/
ami-is1009-findability,Unclassified,Finding a misplaced remote,144,spontaneous human discussion in a design-team role-play,IS1009a,,app/web_assessment_react/public/assessment-audio/conversations/ami-is1009-findability.mp3,CC BY 4.0,https://groups.inf.ed.ac.uk/ami/corpus/
ami-ts3003-briefing,Unclassified,Project roles and design stages,195,spontaneous human discussion in a design-team role-play,TS3003a,,app/web_assessment_react/public/assessment-audio/conversations/ami-ts3003-briefing.mp3,CC BY 4.0,https://groups.inf.ed.ac.uk/ami/corpus/
ami-ts3003-durability,Unclassified,"Convenience, durability and cost",183,spontaneous human discussion in a design-team role-play,TS3003a,,app/web_assessment_react/public/assessment-audio/conversations/ami-ts3003-durability.mp3,CC BY 4.0,https://groups.inf.ed.ac.uk/ami/corpus/
voa-budget-cuts,US,Budget cuts,247,scripted human teaching dialogue,voa-budget-cuts,American English · scripted teaching dialogue,app/web_assessment_react/public/assessment-audio/voa-budget-cuts.mp3,Public domain; credit VOA Learning English,https://learningenglish.voanews.com/a/lets-learn-english-level-2-lesson1/3960391.html
voa-the-interview,US,The interview,245,scripted human teaching dialogue,voa-the-interview,American English · scripted teaching dialogue,app/web_assessment_react/public/assessment-audio/voa-the-interview.mp3,Public domain; credit VOA Learning English,https://learningenglish.voanews.com/a/lets-learn-english-level-2-lesson-2/3960471.html
edacc-c08-childhood-tv,UK,Remembering childhood programmes,184.3,spontaneous conversation between friends,EDACC-C08,Scottish English,app/web_assessment_react/public/assessment-audio/conversations/edacc-c08-childhood-tv.mp3,CC BY-SA 4.0,https://datashare.ed.ac.uk/handle/10283/8983
edacc-c08-holidays,UK,Choosing a holiday destination,133.3,spontaneous conversation between friends,EDACC-C08,Scottish English,app/web_assessment_react/public/assessment-audio/conversations/edacc-c08-holidays.mp3,CC BY-SA 4.0,https://datashare.ed.ac.uk/handle/10283/8983
edacc-c08-food-city,UK,Sunday meals and city life,143.12,spontaneous conversation between friends,EDACC-C08,Scottish English,app/web_assessment_react/public/assessment-audio/conversations/edacc-c08-food-city.mp3,CC BY-SA 4.0,https://datashare.ed.ac.uk/handle/10283/8983
edacc-c19-meals,US,Cooking away from home,123.1,spontaneous conversation between friends,EDACC-C19,American-accent speaker and international partner · mixed accents,app/web_assessment_react/public/assessment-audio/conversations/edacc-c19-meals.mp3,CC BY-SA 4.0,https://datashare.ed.ac.uk/handle/10283/8983
edacc-c19-study-careers,US,Further study and career plans,199.5,spontaneous conversation between friends,EDACC-C19,American-accent speaker and international partner · mixed accents,app/web_assessment_react/public/assessment-audio/conversations/edacc-c19-study-careers.mp3,CC BY-SA 4.0,https://datashare.ed.ac.uk/handle/10283/8983
edacc-c19-home-transport,US,Independence and public transportation,209.9,spontaneous conversation between friends,EDACC-C19,American-accent speaker and international partner · mixed accents,app/web_assessment_react/public/assessment-audio/conversations/edacc-c19-home-transport.mp3,CC BY-SA 4.0,https://datashare.ed.ac.uk/handle/10283/8983
edacc-c19-renting,US,Finding accommodation in another language,139.1,spontaneous conversation between friends,EDACC-C19,American-accent speaker and international partner · mixed accents,app/web_assessment_react/public/assessment-audio/conversations/edacc-c19-renting.mp3,CC BY-SA 4.0,https://datashare.ed.ac.uk/handle/10283/8983
edacc-c19-moving,US,Moving at very short notice,121.9,spontaneous conversation between friends,EDACC-C19,American-accent speaker and international partner · mixed accents,app/web_assessment_react/public/assessment-audio/conversations/edacc-c19-moving.mp3,CC BY-SA 4.0,https://datashare.ed.ac.uk/handle/10283/8983
edacc-c64-games,US,Games with friends,201.5,spontaneous conversation between friends,EDACC-C64,American-accent speaker and international partner · mixed accents,app/web_assessment_react/public/assessment-audio/conversations/edacc-c64-games.mp3,CC BY-SA 4.0,https://datashare.ed.ac.uk/handle/10283/8983
edacc-c64-pretend-teacher,US,Pretending to be a teacher,126.4,spontaneous conversation between friends,EDACC-C64,American-accent speaker and international partner · mixed accents,app/web_assessment_react/public/assessment-audio/conversations/edacc-c64-pretend-teacher.mp3,CC BY-SA 4.0,https://datashare.ed.ac.uk/handle/10283/8983
edacc-c64-school-sports,US,Informal school and neighbourhood sports,124.4,spontaneous conversation between friends,EDACC-C64,American-accent speaker and international partner · mixed accents,app/web_assessment_react/public/assessment-audio/conversations/edacc-c64-school-sports.mp3,CC BY-SA 4.0,https://datashare.ed.ac.uk/handle/10283/8983
edacc-c64-detective-books,US,Books that inspire imaginative play,133.8,spontaneous conversation between friends,EDACC-C64,American-accent speaker and international partner · mixed accents,app/web_assessment_react/public/assessment-audio/conversations/edacc-c64-detective-books.mp3,CC BY-SA 4.0,https://datashare.ed.ac.uk/handle/10283/8983
edacc-c64-sitcoms,US,Remembering favourite television comedies,151.7,spontaneous conversation between friends,EDACC-C64,American-accent speaker and international partner · mixed accents,app/web_assessment_react/public/assessment-audio/conversations/edacc-c64-sitcoms.mp3,CC BY-SA 4.0,https://datashare.ed.ac.uk/handle/10283/8983
edacc-c64-book-rentals,US,Different childhood reading habits,140.4,spontaneous conversation between friends,EDACC-C64,American-accent speaker and international partner · mixed accents,app/web_assessment_react/public/assessment-audio/conversations/edacc-c64-book-rentals.mp3,CC BY-SA 4.0,https://datashare.ed.ac.uk/handle/10283/8983
edacc-c64-fish-sauce,US,Remembering a favourite meal,189.7,spontaneous conversation between friends,EDACC-C64,American-accent speaker and international partner · mixed accents,app/web_assessment_react/public/assessment-audio/conversations/edacc-c64-fish-sauce.mp3,CC BY-SA 4.0,https://datashare.ed.ac.uk/handle/10283/8983
edacc-c64-snack-memories,US,Regional dishes and simple snacks,199.2,spontaneous conversation between friends,EDACC-C64,American-accent speaker and international partner · mixed accents,app/web_assessment_react/public/assessment-audio/conversations/edacc-c64-snack-memories.mp3,CC BY-SA 4.0,https://datashare.ed.ac.uk/handle/10283/8983
edacc-c46_p1-coastal-visits,UK,Remembering coastal visits,174.2,spontaneous conversation between friends,EDACC-C46,Scottish English,app/web_assessment_react/public/assessment-audio/conversations/edacc-c46_p1-coastal-visits.mp3,CC BY-SA 4.0,https://datashare.ed.ac.uk/handle/10283/8983
edacc-c46_p1-remote-travel,UK,Planning travel with a young child,183.7,spontaneous conversation between friends,EDACC-C46,Scottish English,app/web_assessment_react/public/assessment-audio/conversations/edacc-c46_p1-remote-travel.mp3,CC BY-SA 4.0,https://datashare.ed.ac.uk/handle/10283/8983
edacc-c46_p1-tourism-booking,UK,Tourism and booking accommodation,205,spontaneous conversation between friends,EDACC-C46,Scottish English,app/web_assessment_react/public/assessment-audio/conversations/edacc-c46_p1-tourism-booking.mp3,CC BY-SA 4.0,https://datashare.ed.ac.uk/handle/10283/8983
edacc-c46_p1-shared-stays,UK,Shared holiday stays and city impressions,192.4,spontaneous conversation between friends,EDACC-C46,Scottish English,app/web_assessment_react/public/assessment-audio/conversations/edacc-c46_p1-shared-stays.mp3,CC BY-SA 4.0,https://datashare.ed.ac.uk/handle/10283/8983
edacc-c46_p1-cycling-spaces,UK,Making space for cyclists and pedestrians,198.9,spontaneous conversation between friends,EDACC-C46,Scottish English,app/web_assessment_react/public/assessment-audio/conversations/edacc-c46_p1-cycling-spaces.mp3,CC BY-SA 4.0,https://datashare.ed.ac.uk/handle/10283/8983
edacc-c46_p1-recycling,UK,Recycling and habits for the future,162.4,spontaneous conversation between friends,EDACC-C46,Scottish English,app/web_assessment_react/public/assessment-audio/conversations/edacc-c46_p1-recycling.mp3,CC BY-SA 4.0,https://datashare.ed.ac.uk/handle/10283/8983
edacc-c46_p1-electric-cars,UK,Thinking through an electric car purchase,159.2,spontaneous conversation between friends,EDACC-C46,Scottish English,app/web_assessment_react/public/assessment-audio/conversations/edacc-c46_p1-electric-cars.mp3,CC BY-SA 4.0,https://datashare.ed.ac.uk/handle/10283/8983
edacc-c46_p2-family-books,UK,Passing a childhood book through the family,180.7,spontaneous conversation between friends,EDACC-C46,Scottish English,app/web_assessment_react/public/assessment-audio/conversations/edacc-c46_p2-family-books.mp3,CC BY-SA 4.0,https://datashare.ed.ac.uk/handle/10283/8983
edacc-c32_p2-learning-work,UK,Learning languages and talking about work,179.8,spontaneous conversation between friends,EDACC-C32,Southern London English,app/web_assessment_react/public/assessment-audio/conversations/edacc-c32_p2-learning-work.mp3,CC BY-SA 4.0,https://datashare.ed.ac.uk/handle/10283/8983
edacc-c32_p2-photos-plans,UK,"Food preferences, photographs and future plans",146.7,spontaneous conversation between friends,EDACC-C32,Southern London English,app/web_assessment_react/public/assessment-audio/conversations/edacc-c32_p2-photos-plans.mp3,CC BY-SA 4.0,https://datashare.ed.ac.uk/handle/10283/8983
