recording_id,region,source_url,licence,licence_url,speaker_background_evidence,topic,start_seconds,duration_seconds,estimated_words_per_minute,accent_review,topic_review,question_review,reviewer,status
edacc-c08-childhood-tv,UK,https://datashare.ed.ac.uk/handle/10283/8983,CC BY-SA 4.0,https://creativecommons.org/licenses/by-sa/4.0/,Official release linguistic_background.csv; EDACC-C08,Remembering childhood programmes,330.5,184.3,168.3,Original self-reported accent and first-language fields checked; independent listening review pending,Everyday comprehension; no role-specific prerequisites,Six original questions with timed transcript evidence; ambiguity pilot pending,Codex transcript/editorial review; no human auditory sign-off,Pilot content; independent review pending
edacc-c08-holidays,UK,https://datashare.ed.ac.uk/handle/10283/8983,CC BY-SA 4.0,https://creativecommons.org/licenses/by-sa/4.0/,Official release linguistic_background.csv; EDACC-C08,Choosing a holiday destination,833.0,133.3,134.1,Original self-reported accent and first-language fields checked; independent listening review pending,Everyday comprehension; no role-specific prerequisites,Six original questions with timed transcript evidence; ambiguity pilot pending,Codex transcript/editorial review; no human auditory sign-off,Pilot content; independent review pending
edacc-c08-food-city,UK,https://datashare.ed.ac.uk/handle/10283/8983,CC BY-SA 4.0,https://creativecommons.org/licenses/by-sa/4.0/,Official release linguistic_background.csv; EDACC-C08,Sunday meals and city life,614.6,143.12,153.9,Original self-reported accent and first-language fields checked; independent listening review pending,Everyday comprehension; no role-specific prerequisites,Six original questions with timed transcript evidence; ambiguity pilot pending,Codex transcript/editorial review; no human auditory sign-off,Pilot content; independent review pending
edacc-c19-meals,US,https://datashare.ed.ac.uk/handle/10283/8983,CC BY-SA 4.0,https://creativecommons.org/licenses/by-sa/4.0/,Official release linguistic_background.csv; EDACC-C19,Cooking away from home,166.4,123.1,156.9,Original self-reported accent and first-language fields checked; independent listening review pending,Everyday comprehension; no role-specific prerequisites,Six original questions with timed transcript evidence; ambiguity pilot pending,Codex transcript/editorial review; no human auditory sign-off,Pilot content; independent review pending
edacc-c19-study-careers,US,https://datashare.ed.ac.uk/handle/10283/8983,CC BY-SA 4.0,https://creativecommons.org/licenses/by-sa/4.0/,Official release linguistic_background.csv; EDACC-C19,Further study and career plans,291,199.5,172.0,Original self-reported accent and first-language fields checked; independent listening review pending,Everyday comprehension; no role-specific prerequisites,Six original questions with timed transcript evidence; ambiguity pilot pending,Codex transcript/editorial review; no human auditory sign-off,Pilot content; independent review pending
edacc-c19-home-transport,US,https://datashare.ed.ac.uk/handle/10283/8983,CC BY-SA 4.0,https://creativecommons.org/licenses/by-sa/4.0/,Official release linguistic_background.csv; EDACC-C19,Independence and public transportation,491.7,209.9,160.1,Original self-reported accent and first-language fields checked; independent listening review pending,Everyday comprehension; no role-specific prerequisites,Six original questions with timed transcript evidence; ambiguity pilot pending,Codex transcript/editorial review; no human auditory sign-off,Pilot content; independent review pending
edacc-c19-renting,US,https://datashare.ed.ac.uk/handle/10283/8983,CC BY-SA 4.0,https://creativecommons.org/licenses/by-sa/4.0/,Official release linguistic_background.csv; EDACC-C19,Finding accommodation in another language,716.2,139.1,154.4,Original self-reported accent and first-language fields checked; independent listening review pending,Everyday comprehension; no role-specific prerequisites,Six original questions with timed transcript evidence; ambiguity pilot pending,Codex transcript/editorial review; no human auditory sign-off,Pilot content; independent review pending
edacc-c19-moving,US,https://datashare.ed.ac.uk/handle/10283/8983,CC BY-SA 4.0,https://creativecommons.org/licenses/by-sa/4.0/,Official release linguistic_background.csv; EDACC-C19,Moving at very short notice,855.6,121.9,168.8,Original self-reported accent and first-language fields checked; independent listening review pending,Everyday comprehension; no role-specific prerequisites,Six original questions with timed transcript evidence; ambiguity pilot pending,Codex transcript/editorial review; no human auditory sign-off,Pilot content; independent review pending
edacc-c64-games,US,https://datashare.ed.ac.uk/handle/10283/8983,CC BY-SA 4.0,https://creativecommons.org/licenses/by-sa/4.0/,Official release linguistic_background.csv; EDACC-C64,Games with friends,91.7,201.5,168.2,Original self-reported accent and first-language fields checked; independent listening review pending,Everyday comprehension; no role-specific prerequisites,Six original questions with timed transcript evidence; ambiguity pilot pending,Codex transcript/editorial review; no human auditory sign-off,Pilot content; independent review pending
edacc-c64-pretend-teacher,US,https://datashare.ed.ac.uk/handle/10283/8983,CC BY-SA 4.0,https://creativecommons.org/licenses/by-sa/4.0/,Official release linguistic_background.csv; EDACC-C64,Pretending to be a teacher,293.3,126.4,149.5,Original self-reported accent and first-language fields checked; independent listening review pending,Everyday comprehension; no role-specific prerequisites,Six original questions with timed transcript evidence; ambiguity pilot pending,Codex transcript/editorial review; no human auditory sign-off,Pilot content; independent review pending
edacc-c64-school-sports,US,https://datashare.ed.ac.uk/handle/10283/8983,CC BY-SA 4.0,https://creativecommons.org/licenses/by-sa/4.0/,Official release linguistic_background.csv; EDACC-C64,Informal school and neighbourhood sports,420,124.4,165.0,Original self-reported accent and first-language fields checked; independent listening review pending,Everyday comprehension; no role-specific prerequisites,Six original questions with timed transcript evidence; ambiguity pilot pending,Codex transcript/editorial review; no human auditory sign-off,Pilot content; independent review pending
edacc-c64-detective-books,US,https://datashare.ed.ac.uk/handle/10283/8983,CC BY-SA 4.0,https://creativecommons.org/licenses/by-sa/4.0/,Official release linguistic_background.csv; EDACC-C64,Books that inspire imaginative play,688,133.8,147.5,Original self-reported accent and first-language fields checked; independent listening review pending,Everyday comprehension; no role-specific prerequisites,Six original questions with timed transcript evidence; ambiguity pilot pending,Codex transcript/editorial review; no human auditory sign-off,Pilot content; independent review pending
edacc-c64-sitcoms,US,https://datashare.ed.ac.uk/handle/10283/8983,CC BY-SA 4.0,https://creativecommons.org/licenses/by-sa/4.0/,Official release linguistic_background.csv; EDACC-C64,Remembering favourite television comedies,911.5,151.7,168.1,Original self-reported accent and first-language fields checked; independent listening review pending,Everyday comprehension; no role-specific prerequisites,Six original questions with timed transcript evidence; ambiguity pilot pending,Codex transcript/editorial review; no human auditory sign-off,Pilot content; independent review pending
edacc-c64-book-rentals,US,https://datashare.ed.ac.uk/handle/10283/8983,CC BY-SA 4.0,https://creativecommons.org/licenses/by-sa/4.0/,Official release linguistic_background.csv; EDACC-C64,Different childhood reading habits,1063.3,140.4,129.1,Original self-reported accent and first-language fields checked; independent listening review pending,Everyday comprehension; no role-specific prerequisites,Six original questions with timed transcript evidence; ambiguity pilot pending,Codex transcript/editorial review; no human auditory sign-off,Pilot content; independent review pending
edacc-c64-fish-sauce,US,https://datashare.ed.ac.uk/handle/10283/8983,CC BY-SA 4.0,https://creativecommons.org/licenses/by-sa/4.0/,Official release linguistic_background.csv; EDACC-C64,Remembering a favourite meal,1211,189.7,154.0,Original self-reported accent and first-language fields checked; independent listening review pending,Everyday comprehension; no role-specific prerequisites,Six original questions with timed transcript evidence; ambiguity pilot pending,Codex transcript/editorial review; no human auditory sign-off,Pilot content; independent review pending
edacc-c64-snack-memories,US,https://datashare.ed.ac.uk/handle/10283/8983,CC BY-SA 4.0,https://creativecommons.org/licenses/by-sa/4.0/,Official release linguistic_background.csv; EDACC-C64,Regional dishes and simple snacks,1420.5,199.2,162.0,Original self-reported accent and first-language fields checked; independent listening review pending,Everyday comprehension; no role-specific prerequisites,Six original questions with timed transcript evidence; ambiguity pilot pending,Codex transcript/editorial review; no human auditory sign-off,Pilot content; independent review pending
edacc-c46_p1-coastal-visits,UK,https://datashare.ed.ac.uk/handle/10283/8983,CC BY-SA 4.0,https://creativecommons.org/licenses/by-sa/4.0/,Official release linguistic_background.csv; EDACC-C46,Remembering coastal visits,32.2,174.2,151.5,Original self-reported accent and first-language fields checked; independent listening review pending,Everyday comprehension; no role-specific prerequisites,Six original questions with timed transcript evidence; ambiguity pilot pending,Codex transcript/editorial review; no human auditory sign-off,Pilot content; independent review pending
edacc-c46_p1-remote-travel,UK,https://datashare.ed.ac.uk/handle/10283/8983,CC BY-SA 4.0,https://creativecommons.org/licenses/by-sa/4.0/,Official release linguistic_background.csv; EDACC-C46,Planning travel with a young child,213.3,183.7,171.5,Original self-reported accent and first-language fields checked; independent listening review pending,Everyday comprehension; no role-specific prerequisites,Six original questions with timed transcript evidence; ambiguity pilot pending,Codex transcript/editorial review; no human auditory sign-off,Pilot content; independent review pending
edacc-c46_p1-tourism-booking,UK,https://datashare.ed.ac.uk/handle/10283/8983,CC BY-SA 4.0,https://creativecommons.org/licenses/by-sa/4.0/,Official release linguistic_background.csv; EDACC-C46,Tourism and booking accommodation,400,205,156.0,Original self-reported accent and first-language fields checked; independent listening review pending,Everyday comprehension; no role-specific prerequisites,Six original questions with timed transcript evidence; ambiguity pilot pending,Codex transcript/editorial review; no human auditory sign-off,Pilot content; independent review pending
edacc-c46_p1-shared-stays,UK,https://datashare.ed.ac.uk/handle/10283/8983,CC BY-SA 4.0,https://creativecommons.org/licenses/by-sa/4.0/,Official release linguistic_background.csv; EDACC-C46,Shared holiday stays and city impressions,607.5,192.4,158.4,Original self-reported accent and first-language fields checked; independent listening review pending,Everyday comprehension; no role-specific prerequisites,Six original questions with timed transcript evidence; ambiguity pilot pending,Codex transcript/editorial review; no human auditory sign-off,Pilot content; independent review pending
edacc-c46_p1-cycling-spaces,UK,https://datashare.ed.ac.uk/handle/10283/8983,CC BY-SA 4.0,https://creativecommons.org/licenses/by-sa/4.0/,Official release linguistic_background.csv; EDACC-C46,Making space for cyclists and pedestrians,801,198.9,162.3,Original self-reported accent and first-language fields checked; independent listening review pending,Everyday comprehension; no role-specific prerequisites,Six original questions with timed transcript evidence; ambiguity pilot pending,Codex transcript/editorial review; no human auditory sign-off,Pilot content; independent review pending
edacc-c46_p1-recycling,UK,https://datashare.ed.ac.uk/handle/10283/8983,CC BY-SA 4.0,https://creativecommons.org/licenses/by-sa/4.0/,Official release linguistic_background.csv; EDACC-C46,Recycling and habits for the future,1124.5,162.4,159.6,Original self-reported accent and first-language fields checked; independent listening review pending,Everyday comprehension; no role-specific prerequisites,Six original questions with timed transcript evidence; ambiguity pilot pending,Codex transcript/editorial review; no human auditory sign-off,Pilot content; independent review pending
edacc-c46_p1-electric-cars,UK,https://datashare.ed.ac.uk/handle/10283/8983,CC BY-SA 4.0,https://creativecommons.org/licenses/by-sa/4.0/,Official release linguistic_background.csv; EDACC-C46,Thinking through an electric car purchase,1287.7,159.2,146.2,Original self-reported accent and first-language fields checked; independent listening review pending,Everyday comprehension; no role-specific prerequisites,Six original questions with timed transcript evidence; ambiguity pilot pending,Codex transcript/editorial review; no human auditory sign-off,Pilot content; independent review pending
edacc-c46_p2-family-books,UK,https://datashare.ed.ac.uk/handle/10283/8983,CC BY-SA 4.0,https://creativecommons.org/licenses/by-sa/4.0/,Official release linguistic_background.csv; EDACC-C46,Passing a childhood book through the family,659.8,180.7,166.4,Original self-reported accent and first-language fields checked; independent listening review pending,Everyday comprehension; no role-specific prerequisites,Six original questions with timed transcript evidence; ambiguity pilot pending,Codex transcript/editorial review; no human auditory sign-off,Pilot content; independent review pending
edacc-c32_p2-learning-work,UK,https://datashare.ed.ac.uk/handle/10283/8983,CC BY-SA 4.0,https://creativecommons.org/licenses/by-sa/4.0/,Official release linguistic_background.csv; EDACC-C32,Learning languages and talking about work,11.5,179.8,90.1,Original self-reported accent and first-language fields checked; independent listening review pending,Everyday comprehension; no role-specific prerequisites,Six original questions with timed transcript evidence; ambiguity pilot pending,Codex transcript/editorial review; no human auditory sign-off,Pilot content; independent review pending
edacc-c32_p2-photos-plans,UK,https://datashare.ed.ac.uk/handle/10283/8983,CC BY-SA 4.0,https://creativecommons.org/licenses/by-sa/4.0/,Official release linguistic_background.csv; EDACC-C32,"Food preferences, photographs and future plans",364.2,146.7,79.8,Original self-reported accent and first-language fields checked; independent listening review pending,Everyday comprehension; no role-specific prerequisites,Six original questions with timed transcript evidence; ambiguity pilot pending,Codex transcript/editorial review; no human auditory sign-off,Pilot content; independent review pending
